<?xml version="1.0" encoding="UTF-8"?>
<server description="new server">

    <!-- Enable features -->
    <featureManager>
        <feature>webProfile-8.0</feature>
        <feature>mpMetrics-1.1</feature>
        <feature>monitor-1.0</feature>
    </featureManager>

    <!-- To access this server from a remote client add a host attribute to the following element, e.g. host="*" -->
    <httpEndpoint id="defaultHttpEndpoint"
                  host="*"
                  httpPort="9080"
                  httpsPort="9443" />
                  
    <!-- Automatically expand WAR files and EAR files -->
    <applicationManager autoExpand="true"/>
    
    <webContainer setContentLengthOnClose="false"/>
    <mpMetrics authentication="false"/>

</server>