{
   "report": "analysis",
   "version": "1.2",
   "productVersion": "9.0",
   "productRelease": "18.0.0.2",
   "options": [
      "--sourceAppServer=was70",
      "--sourceJava=ibm8",
      "--targetAppServer=was90",
      "--targetJava=ibm8",
      "--targetJavaEE=ee7",
      "--targetCloud=vmIBMCloud",
      "--excludePackages=com.ibm,com.informix,com.microsoft,com.sybase,com.sun,java,javax,net,oracle,org,sqlj,_ibmjsp"
   ],
   "totalRulesFlagged": 7,
   "filesAffected": 16,
   "totalResults": 20,
   "severitySummary": [
      {
         "severity": "Severe",
         "totalRulesFlagged": 2,
         "totalResults": 4
      },
      {
         "severity": "Warning",
         "totalRulesFlagged": 5,
         "totalResults": 16
      }
   ],
   "applications": [
      "/opt/IBM/WebSphere/Profiles/DefaultAppSrv01/config/cells/CloudBurstCell_11534983510508/applications/CustomerOrderServicesApp.ear/CustomerOrderServicesApp.ear"
   ],
   "rules": [
      {
         "ruleName": "CDI scans for implicit beans when there is no beans.xml file",
         "ruleId": "MissingBeansFile",
         "severity": "Warning",
         "category": "Java EE 7 / CDI",
         "results": [
            {
               "fileName": "CustomerOrderServicesApp.ear/CustomerOrderServices-0.1.0-SNAPSHOT.jar",
               "details": [
                  {
                     "reference": null,
                     "match": ".*(\\.war|\\.jar)",
                     "lineNumber": 0
                  }
               ]
            },
            {
               "fileName": "CustomerOrderServicesApp.ear/CustomerOrderServicesTest-0.1.0-SNAPSHOT.war",
               "details": [
                  {
                     "reference": null,
                     "match": ".*(\\.war|\\.jar)",
                     "lineNumber": 0
                  }
               ]
            },
            {
               "fileName": "CustomerOrderServicesApp.ear/CustomerOrderServicesTest-0.1.0-SNAPSHOT.war/WEB-INF/lib/dbunit-2.2.jar",
               "details": [
                  {
                     "reference": null,
                     "match": ".*(\\.war|\\.jar)",
                     "lineNumber": 0
                  }
               ]
            },
            {
               "fileName": "CustomerOrderServicesApp.ear/CustomerOrderServicesTest-0.1.0-SNAPSHOT.war/WEB-INF/lib/junit.jar",
               "details": [
                  {
                     "reference": null,
                     "match": ".*(\\.war|\\.jar)",
                     "lineNumber": 0
                  }
               ]
            },
            {
               "fileName": "CustomerOrderServicesApp.ear/CustomerOrderServicesTest-0.1.0-SNAPSHOT.war/WEB-INF/lib/junitee.jar",
               "details": [
                  {
                     "reference": null,
                     "match": ".*(\\.war|\\.jar)",
                     "lineNumber": 0
                  }
               ]
            },
            {
               "fileName": "CustomerOrderServicesApp.ear/CustomerOrderServicesWeb-0.1.0-SNAPSHOT.war",
               "details": [
                  {
                     "reference": null,
                     "match": ".*(\\.war|\\.jar)",
                     "lineNumber": 0
                  }
               ]
            },
            {
               "fileName": "CustomerOrderServicesApp.ear/CustomerOrderServicesWeb-0.1.0-SNAPSHOT.war/dojo/util/shrinksafe/js.jar",
               "details": [
                  {
                     "reference": null,
                     "match": ".*(\\.war|\\.jar)",
                     "lineNumber": 0
                  }
               ]
            },
            {
               "fileName": "CustomerOrderServicesApp.ear/CustomerOrderServicesWeb-0.1.0-SNAPSHOT.war/dojo/util/shrinksafe/shrinksafe.jar",
               "details": [
                  {
                     "reference": null,
                     "match": ".*(\\.war|\\.jar)",
                     "lineNumber": 0
                  }
               ]
            },
            {
               "fileName": "CustomerOrderServicesApp.ear/lib/JSON4J.jar",
               "details": [
                  {
                     "reference": null,
                     "match": ".*(\\.war|\\.jar)",
                     "lineNumber": 0
                  }
               ]
            }
         ]
      },
      {
         "ruleName": "Databases",
         "ruleId": "JavaxPersistenceRule",
         "severity": "Warning",
         "category": "Technology connectivity considerations for IBM Cloud",
         "results": [
            {
               "fileName": "CustomerOrderServicesApp.ear/CustomerOrderServices-0.1.0-SNAPSHOT.jar/META-INF/persistence.xml",
               "details": [
                  {
                     "reference": null,
                     "match": "jta-data-source=jdbc/orderds",
                     "lineNumber": 5
                  }
               ]
            }
         ]
      },
      {
         "ruleName": "Disable the persistence unit second-level cache",
         "ruleId": "JpaCacheProperties",
         "severity": "Severe",
         "category": "Java EE 7 / OpenJPA to EclipseLink JPA",
         "results": [
            {
               "fileName": "CustomerOrderServicesApp.ear/CustomerOrderServices-0.1.0-SNAPSHOT.jar/META-INF/persistence.xml",
               "details": [
                  {
                     "reference": null,
                     "match": "persistence-unit",
                     "lineNumber": 3
                  }
               ]
            }
         ]
      },
      {
         "ruleName": "Do not start unmanaged threads within the web or EJB container",
         "ruleId": "CreateThreadMethodsInWebOrEjbProject",
         "severity": "Warning",
         "category": "All application servers",
         "results": [
            {
               "fileName": "CustomerOrderServicesApp.ear/CustomerOrderServicesTest-0.1.0-SNAPSHOT.war/WEB-INF/lib/junit.jar/junit/awtui/TestRunner.class",
               "details": [
                  {
                     "reference": "Method runSuite",
                     "match": "java.lang.Thread.start(*)",
                     "lineNumber": 512
                  }
               ]
            },
            {
               "fileName": "CustomerOrderServicesApp.ear/CustomerOrderServicesTest-0.1.0-SNAPSHOT.war/WEB-INF/lib/junit.jar/junit/extensions/ActiveTestSuite.class",
               "details": [
                  {
                     "reference": "Method runTest",
                     "match": "java.lang.Thread.start(*)",
                     "lineNumber": 49
                  }
               ]
            },
            {
               "fileName": "CustomerOrderServicesApp.ear/CustomerOrderServicesTest-0.1.0-SNAPSHOT.war/WEB-INF/lib/junit.jar/junit/swingui/TestRunner.class",
               "details": [
                  {
                     "reference": "Method doRunTest",
                     "match": "java.lang.Thread.start(*)",
                     "lineNumber": 719
                  }
               ]
            }
         ]
      },
      {
         "ruleName": "Java EE security",
         "ruleId": "ApplicationSecurityRule",
         "severity": "Warning",
         "category": "Technology connectivity considerations for IBM Cloud",
         "results": [
            {
               "fileName": "CustomerOrderServicesApp.ear/CustomerOrderServicesTest-0.1.0-SNAPSHOT.war/WEB-INF/web.xml",
               "details": [
                  {
                     "reference": null,
                     "match": "security-constraint",
                     "lineNumber": 21
                  }
               ]
            },
            {
               "fileName": "CustomerOrderServicesApp.ear/CustomerOrderServicesWeb-0.1.0-SNAPSHOT.war/WEB-INF/web.xml",
               "details": [
                  {
                     "reference": null,
                     "match": "security-constraint",
                     "lineNumber": 27
                  }
               ]
            }
         ]
      },
      {
         "ruleName": "Mapping files are not processed during OpenJPA to EclipseLink migration",
         "ruleId": "JpaOrmXml",
         "severity": "Warning",
         "category": "Java EE 7 / OpenJPA to EclipseLink JPA",
         "results": [
            {
               "fileName": "CustomerOrderServicesApp.ear/CustomerOrderServices-0.1.0-SNAPSHOT.jar/META-INF/orm.xml",
               "details": [
                  {
                     "reference": null,
                     "match": "entity-mappings",
                     "lineNumber": 2
                  }
               ]
            }
         ]
      },
      {
         "ruleName": "OpenJPA and WebSphere JPA configuration properties must be migrated",
         "ruleId": "OpenJPAConfigurationProperties",
         "severity": "Severe",
         "category": "Java EE 7 / OpenJPA to EclipseLink JPA",
         "results": [
            {
               "fileName": "CustomerOrderServicesApp.ear/CustomerOrderServices-0.1.0-SNAPSHOT.jar/META-INF/persistence.xml",
               "details": [
                  {
                     "reference": null,
                     "match": "property.name=openjpa.MaxFetchDepth",
                     "lineNumber": 16
                  },
                  {
                     "reference": null,
                     "match": "property.name=openjpa.jdbc.DBDictionary",
                     "lineNumber": 19
                  },
                  {
                     "reference": null,
                     "match": "property.name=openjpa.jdbc.MappingDefaults",
                     "lineNumber": 17
                  }
               ]
            }
         ]
      }
   ]
}