{"productInf":[{"name":"IBM WebSphere Application Server Patterns","id":"HV","version":"1.0.5.2","buildDate":"","buildLevel":"vWSAAS_1734.02"},{"name":"IBM SDK, Java Technology Edition, Version 8","id":"JAVA8","version":"8.0.5.15","buildDate":"05/02/18","buildLevel":"pxa6480sr5fp15-20180502_01"},{"name":"IBM WebSphere Application Server","id":"BASE","version":"9.0.0.8","buildDate":"5/30/18","buildLevel":"cf081821.02"}],"profiles":[{"name":"DefaultAppSrv01","profilePath":"/opt/IBM/WebSphere/Profiles/DefaultAppSrv01","cellName":"CloudBurstCell_11534983510508","dmgrName":null,"nodes":null,"servers":null,"clusterNames":null,"applications":["/opt/IBM/WebSphere/Profiles/DefaultAppSrv01/config/cells/CloudBurstCell_11534983510508/applications/CustomerOrderServicesApp.ear/CustomerOrderServicesApp.ear","/opt/IBM/WebSphere/Profiles/DefaultAppSrv01/config/cells/CloudBurstCell_11534983510508/applications/query.ear/query.ear"],"appToClusterMapping":null,"isStandalone":true,"webSphereVersion":"was70","javaVersion":"ibm8","appsFound":true}]}